<?xml version="1.0" encoding="UTF-8" ?>
<!DOCTYPE mapper
        PUBLIC "-//mybatis.org//DTD Config 3.0//EN"
        "http://mybatis.org/dtd/mybatis-3-mapper.dtd">
<mapper namespace="com.song.dao.BookMapper">

    <insert id="addBook" parameterType="Books">
        insert into ssmbuild.books (bookName, bookCounts, detail)
        values (#{bookName}, #{bookCounts}, #{detail});
    </insert>

    <delete id="deleteBookById" parameterType="int">
        delete from ssmbuild.books
        where bookId = #{bookId}
    </delete>

    <update id="updateBook" parameterType="Books">
        update ssmbuild.books
        set bookName = #{bookName}, bookCounts = #{bookCounts}, detail = #{detail}
        where bookId = #{bookId};
    </update>

    <select id="queryBookById" resultType="Books">
        select * from ssmbuild.books
        where bookId = #{bookId}
    </select>

    <select id="queryAllBook" resultType="Books">
        select * from ssmbuild.books
    </select>

</mapper>
